id,name,dosage,contraindications,pregnancy_warning,lactation_warning,side_effects
1,প্যারাসিটামল (Paracetamol),প্রাপ্তবয়স্কদের জন্য ৫০০ মি.গ্রা. থেকে ১০০০ মি.গ্রা. প্রতি ৪-৬ ঘণ্টা অন্তর (সর্বোচ্চ ৪০০০ মি.গ্রা./দিন)। ডাক্তারের পরামর্শ অনুযায়ী সেব্য।,তীব্র লিভারের রোগ (Severe hepatic impairment) বা প্যারাসিটামলের প্রতি অতিসংবেদনশীলতা থাকলে সেবন নিষিদ্ধ।,গর্ভাবস্থায় জ্বর ও ব্যথানাশক হিসেবে প্যারাসিটামল প্রথম পছন্দের নিরাপদ ওষুধ। তবে সর্বনিম্ন কার্যকরী মাত্রায় এবং স্বল্পতম সময়ের জন্য সেবন করা উচিত।,স্তন্যদানকালে এটি মাতৃদুগ্ধে অতি সামান্য পরিমাণে নিঃসৃত হয় এবং সাধারণত নিরাপদ বলে বিবেচিত।,সাধারণত পার্শ্বপ্রতিক্রিয়া নেই। তবে অতিরিক্ত মাত্রায় লিভারের ক্ষতি (Hepatotoxicity) ও ত্বকে অ্যালার্জি হতে পারে।
2,আইবুপ্রোফেন (Ibuprofen),২০০ মি.গ্রা. থেকে ৪০০ মি.গ্রা. দিনে ৩-৪ বার খাবারের পর। ডাক্তারের পরামর্শ ব্যতীত দীর্ঘমেয়াদে ব্যবহার নিষিদ্ধ।,"পেপটিক আলসার, সক্রিয় গ্যাস্ট্রোইনটেস্টাইনাল রক্তপাত, গুরুতর কিডনি বা হৃদরোগ থাকলে এটি সেবন নিষিদ্ধ।","গর্ভাবস্থার শেষ তিন মাসে (Third Trimester) সম্পূর্ণ নিষিদ্ধ, কারণ এটি ভ্রূণের ডাক্টাস আর্টারিওসাস অকালে বন্ধ করতে পারে এবং প্রসবকালীন জটিলতা বাড়ায়। প্রথম ও দ্বিতীয় ট্রাইমিস্টারেও ডাক্তারের কঠোর পরামর্শ ছাড়া পরিহার্য।","স্তন্যদানকালে স্বল্প মাত্রায় স্বল্পমেয়াদে গ্রহণ করা যেতে পারে, তবে বিকল্প হিসেবে প্যারাসিটামল অধিক নিরাপদ।","বমি বমি ভাব, পেটে জ্বালাপোড়া, গ্যাস্ট্রিক আলসার, মাথা ঘোরা ও রক্তচাপ বৃদ্ধি।"
3,অ্যাসপিরিন (Aspirin),প্রিক্ল্যাম্পসিয়া প্রতিরোধে কম মাত্রা (৭৫-১৫০ মি.গ্রা. দৈনিক)। সাধারণ ব্যথানাশক হিসেবে ৩০০-৬০০ মি.গ্রা.。,"হিমোফিলিয়া বা রক্তক্ষরণজনিত ব্যাধি, সক্রিয় পেপটিক আলসার এবং অ্যাসপিরিন-জনিত হাঁপানিতে সম্পূর্ণ নিষিদ্ধ।",গর্ভাবস্থার তৃতীয় ট্রাইমিস্টারে পূর্ণ মাত্রায় অ্যাসপিরিন নিষিদ্ধ (রক্তক্ষরণ ও ভ্রূণের জটিলতার ঝুঁকি)। তবে উচ্চ ঝুঁকিপূর্ণ গর্ভবতীদের ক্ষেত্রে ডাক্তারের পরামর্শে স্বল্প মাত্রার অ্যাসপিরিন (Low-dose) প্রিক্ল্যাম্পসিয়া রোধে ব্যবহৃত হয়।,শিশুর রে'স সিন্ড্রোমের (Reye's syndrome) সম্ভাব্য ঝুঁকির কারণে স্তন্যদানকালে উচ্চ মাত্রায় অ্যাসপিরিন এড়িয়ে চলা উচিত।,"রক্তক্ষরণের ঝুঁকি, পেটে অস্বস্তি বা আলসার, বদহজম এবং ত্বকে ফুসকুড়ি।"
4,ফলিক অ্যাসিড (Folic Acid),গর্ভধারণের পূর্বে ও প্রথম তিন মাসে ৪০০ মাইক্রোগ্রাম (০.৪ মি.গ্রা.) দৈনিক; উচ্চ ঝুঁকিতে ৫ মি.গ্রা. দৈনিক।,অনির্ণীত অ্যানিমিয়া বা ফলিক অ্যাসিডের প্রতি অতিসংবেদনশীলতা ছাড়া সাধারণত কোনো কঠোর বাধা নেই।,গর্ভাবস্থায় অত্যন্ত প্রয়োজনীয় ও সম্পূর্ণ নিরাপদ। এটি ভ্রূণের নিউরাল টিউব ত্রুটি (Neural Tube Defects) প্রতিরোধ করে। গর্ভধারণের অন্তত ১ মাস আগে থেকেই শুরু করা উত্তম।,স্তন্যদানকালে নিরাপদ এবং মায়ের পুষ্টি নিশ্চিত করতে সহায়ক।,"বিরল ক্ষেত্রে পেট ফাঁপা, মুখে তিক্ত স্বাদ বা ঘুমের ব্যাঘাত হতে পারে।"
5,আয়রন বা ফেরাস সালফেট (Ferrous Sulphate),প্রতিদিন ২০০ মি.গ্রা. (প্রায় ৬৫ মি.গ্রা. মৌলিক আয়রন) খাবারের ১ ঘণ্টা পূর্বে বা খাবারের সাথে।,"হিমোক্রোমাটোসিস, আয়রন ওভারলোড বা থ্যালাসেমিয়া রোগীদের ক্ষেত্রে সতর্কতার সাথে বা নিষিদ্ধ হতে পারে।",গর্ভাবস্থায় রক্তস্বল্পতা (Maternal Anemia) প্রতিরোধে ও চিকিৎসায় নিরাপদ এবং চিকিৎসকদের দ্বারা নিয়মিত নির্দেশিত।,স্তন্যপান করানোর সময় সম্পূর্ণ নিরাপদ এবং দুধের মাধ্যমে শিশুর কোনো ক্ষতি করে না।,"কোষ্ঠকাঠিন্য, কালো পায়খানা, পেট ব্যথা এবং বমি বমি ভাব।"
6,ক্যালসিয়াম কার্বোনেট (Calcium Carbonate),৫০০ মি.গ্রা. থেকে ১০০০ মি.গ্রা. দিনে ১-২ বার খাবারের সাথে।,হাইপারক্যালসেমিয়া (রক্তে অতিরিক্ত ক্যালসিয়াম) এবং কিডনিতে পাথর থাকলে ব্যবহার নিষিদ্ধ।,গর্ভকালীন সময়ে ভ্রূণের হাড় ও দাঁতের গঠনের জন্য এবং মায়ের অস্টিওপোরোসিস রোধে সম্পূর্ণ নিরাপদ ও সুপারিশকৃত।,স্তন্যপানকালে নিরাপদ এবং মাতৃদুগ্ধে ক্যালসিয়ামের মাত্রা বজায় রাখতে কার্যকর।,"কোষ্ঠকাঠিন্য, পেট ফাঁপা এবং গ্যাসের সমস্যা।"
7,অ্যামোক্সিসিলিন (Amoxicillin),২৫০ মি.গ্রা. থেকে ৫০০ মি.গ্রা. প্রতি ৮ ঘণ্টা পরপর অথবা ৮৭৫ মি.গ্রা. প্রতি ১২ ঘণ্টা পরপর।,পেনিসিলিন গোত্রের যেকোনো অ্যান্টিবায়োটিকের প্রতি অ্যালার্জি থাকলে কঠোরভাবে নিষিদ্ধ।,গর্ভাবস্থায় ব্যাকটেরিয়াজনিত সংক্রমণের চিকিৎসায় অত্যন্ত নিরাপদ (FDA Category B) এবং প্রথম পছন্দের অ্যান্টিবায়োটিক।,স্তন্যদানকালে নিরাপদ। খুব কম ক্ষেত্রে শিশুর হালকা পাতলা পায়খানা বা ফুসকুড়ি হতে পারে।,"ডায়রিয়া, বমি বমি ভাব, ত্বকে অ্যালার্জি ও ফুসকুড়ি।"
8,অ্যাজিথ্রোমাইসিন (Azithromycin),৫০০ মি.গ্রা. দিনে একবার ৩ থেকে ৫ দিন খাবারের ১ ঘণ্টা আগে বা ২ ঘণ্টা পরে।,ম্যাক্রোলাইড গোত্রের ওষুধের প্রতি অতিসংবেদনশীলতা এবং লিভারের গুরুতর সমস্যায় নিষিদ্ধ।,পেনিসিলিন অ্যালার্জিযুক্ত গর্ভবতী মায়েদের শ্বাসতন্ত্র ও মূত্রনালীর সংক্রমণে চিকিৎসকের পরামর্শে নিরাপদ বিকল্প হিসেবে ব্যবহৃত হয়।,মাতৃদুগ্ধে অল্প পরিমাণে নিঃসৃত হয়; চিকিৎসকের পরামর্শে স্তন্যদানকালে ব্যবহার করা যায়।,"পেটে মোচড় ও ব্যথা, ডায়রিয়া, বমি বমি ভাব এবং মাথা ধরা।"
9,সেফিক্সিম (Cefixime),২০০ মি.গ্রা. থেকে ৪০০ মি.গ্রা. দিনে একবার অথবা বিভক্ত মাত্রায় দিনে দুইবার।,সেফালোস্পোরিন গোত্রের অ্যান্টিবায়োটিকের প্রতি অ্যালার্জি থাকলে ব্যবহার নিষিদ্ধ।,গর্ভাবস্থায় মূত্রনালীর সংক্রমণ (UTI) ও টাইফয়েড বা অন্যান্য ব্যাকটেরিয়াল ইনফেকশনে নিরাপদ ও বহুল ব্যবহৃত।,স্তন্যপান করানোর সময় এটি গ্রহণযোগ্য এবং নিরাপদ বলে গণ্য হয়।,"পাতলা পায়খানা, ডিসপেপসিয়া, পেটে গ্যাস এবং মাথা ব্যথা।"
10,মেট্রোনিডাজল (Metronidazole),৪০০ মি.গ্রা. থেকে ৫০০ মি.গ্রা. দিনে ২-৩ বার ৫ থেকে ৭ দিন।,মেট্রোনিডাজলের প্রতি অ্যালার্জি এবং সেবনকালীন অবস্থায় অ্যালকোহল গ্রহণ সম্পূর্ণরূপে নিষিদ্ধ।,গর্ভাবস্থার প্রথম ট্রাইমিস্টারে বিশেষ সতর্কতা প্রয়োজন এবং অপ্রয়োজনে এড়িয়ে চলা উচিত। দ্বিতীয় ও তৃতীয় ট্রাইমিস্টারে ডাক্তারের পরামর্শে ব্যাকটেরিয়াল ভ্যাজিনোসিসের চিকিৎসায় ব্যবহারযোগ্য।,মাতৃদুগ্ধে নিঃসৃত হয় এবং দুধের স্বাদ তিক্ত করতে পারে। উচ্চ মাত্রায় গ্রহণ করলে স্তন্যদান সাময়িক বন্ধ রাখার পরামর্শ দেওয়া হয়।,"মুখে ধাতব স্বাদ (Metallic taste), বমি বমি ভাব, গা গোলানো এবং প্রস্রাবের রঙ গাঢ় হওয়া।"
11,সিপ্রোফ্লক্সাসিন (Ciprofloxacin),২৫০ মি.গ্রা. থেকে ৫০০ মি.গ্রা. দিনে দুইবার খাবারের সাথে বা খালি পেটে।,ফ্লুরোকুইনোলোন এলার্জি এবং টেনডন সমস্যার পূর্ব ইতিহাস থাকলে এটি নিষিদ্ধ।,"গর্ভাবস্থায় সাধারণত পরিহার করা উচিত, কারণ এটি ভ্রূণের অস্থিসন্ধি ও কার্টিলেজের ক্ষতি করতে পারে (Cartilage toxicity)। অন্য কোনো নিরাপদ বিকল্প না থাকলে কেবল বিশেষজ্ঞের সিদ্ধান্তে ব্যবহার্য।","মাতৃদুগ্ধে প্রবেশ করে শিশুর জয়েন্টের সমস্যা করতে পারে, তাই স্তন্যদানকালে এটি এড়ানো বা বিকল্প অ্যান্টিবায়োটিক বেছে নেওয়া উচিত।","টেনডোনাইটিস, বমি ভাব, ডায়রিয়া, মাথা ঘোরা এবং আলোতে ত্বকের সংবেদনশীলতা।"
12,ডক্সিসাইক্লিন (Doxycycline),১০০ মি.গ্রা. দিনে ১-২ বার পর্যাপ্ত পানির সাথে সোজা হয়ে বসে সেব্য।,টেট্রাসাইক্লিন গোত্রের অ্যালার্জি এবং ৮ বছরের কম বয়সী শিশুদের ক্ষেত্রে নিষিদ্ধ।,গর্ভাবস্থার দ্বিতীয় ও তৃতীয় ট্রাইমিস্টারে সম্পূর্ণ নিষিদ্ধ। এটি ভ্রূণের হাড়ের বৃদ্ধিতে বাধা দেয় এবং শিশুর দাঁতে স্থায়ী হলুদ বা বাদামী দাগ (Permanent tooth discoloration) সৃষ্টি করে।,"স্তন্যদানকালে দীর্ঘমেয়াদে ব্যবহার নিষিদ্ধ, কারণ শিশুর হাড় ও দাঁতের বিকাশে ক্ষতিকর প্রভাব ফেলতে পারে।","খাদ্যনালীতে ক্ষত, বমি ভাব, ফটোসেনসিটিভিটি এবং ত্বকে তীব্র প্রদাহ।"
13,ওমিপ্রাজল (Omeprazole),২০ মি.গ্রা. থেকে ৪০ মি.গ্রা. দিনে একবার সকালে খালি পেটে খাবারের ৩০ মিনিট আগে।,ওমিপ্রাজল বা অন্যান্য প্রোটন পাম্প ইনহিবিটরের প্রতি পরিচিত অ্যালার্জি থাকলে নিষিদ্ধ।,গর্ভাবস্থায় বুকজ্বালা ও এসিডিটির সমস্যায় সাধারণ অ্যান্টাসিডে কাজ না হলে চিকিৎসকের পরামর্শে নিরাপদ হিসেবে ব্যবহৃত হয়।,স্তন্যদানকালে কম মাত্রায় নিঃসৃত হয় এবং চিকিৎসকের পরামর্শে গ্রহণযোগ্য।,"মাথা ব্যথা, কোষ্ঠকাঠিন্য, পেট ফাঁপা এবং ডায়রিয়া।"
14,ফ্যামোটিডিন (Famotidine),২০ মি.গ্রা. দিনে একবার রাতে ঘুমানোর আগে অথবা ২০ মি.গ্রা. দিনে দুইবার।,ফ্যামোটিডিন বা অন্যান্য H2 রিসেপ্টর ব্লকারের প্রতি অ্যালার্জি থাকলে ব্যবহার নিষিদ্ধ।,গর্ভাবস্থায় গ্যাস্ট্রিকের সমস্যা ও বুকজ্বালায় নিরাপদ (FDA Category B) ওষুধ হিসেবে ব্যাপকভাবে বিবেচিত।,"মাতৃদুগ্ধে অতি সামান্য মাত্রায় যায়, ফলে স্তন্যদানকারী মায়েদের জন্য নিরাপদ বিকল্প।","মাথা ঘোরা, শুষ্ক মুখ, কোষ্ঠকাঠিন্য বা হালকা পাতলা পায়খানা।"
15,ডোমপেরিডন (Domperidone),১০ মি.গ্রা. দিনে ২-৩ বার খাবারের ১৫-৩০ মিনিট পূর্বে।,"পরিপাকতন্ত্রে রক্তক্ষরণ, অন্ত্রে ফুটো বা বাধা এবং হৃদযন্ত্রের কিউটি প্রোলংগেশন থাকলে নিষিদ্ধ।",গর্ভাবস্থায় বমির জন্য শুধুমাত্র চিকিৎসকের কঠোর পর্যবেক্ষণে ব্যবহার্য। প্রথম ট্রাইমিস্টারে অপ্রয়োজনে ব্যবহার এড়ানো উচিত।,"স্তন্যদুগ্ধ বৃদ্ধির প্রয়োজনে কখনো কখনো চিকিৎসকের নির্দেশনায় স্বল্পমেয়াদে ব্যবহৃত হয়, তবে ডাক্তারের পরামর্শ ছাড়া সেবন অনিরাপদ।","মুখে শুষ্কতা, স্তনে ব্যথা বা দুধ ক্ষরণ, পেট ফাঁপা এবং বিরল ক্ষেত্রে হৃদস্পন্দনের অনিয়ম।"
16,ওনডানসেট্রন (Ondansetron),৪ মি.গ্রা. থেকে ৮ মি.গ্রা. দিনে ১-২ বার চিকিৎসকের পরামর্শ অনুযায়ী।,কনজেনিটাল লং কিউটি সিন্ড্রোম এবং অ্যাপোমোরফিনের সাথে একযোগে সেবন সম্পূর্ণ নিষিদ্ধ।,গর্ভাবস্থায় অতিরিক্ত বমি (Hyperemesis Gravidarum) চিকিৎসায় ব্যবহৃত হয়। তবে প্রথম ১০ সপ্তাহে কিছু জন্মগত ত্রুটির বিতর্কিত ঝুঁকির কারণে সাধারণ বমি বমি ভাবে এটি এড়িয়ে প্রথম সারির ওষুধ বিবেচনা করা হয়।,স্তন্যদানকালে পর্যাপ্ত তথ্যের অভাব রয়েছে; চিকিৎসকের পরামর্শে অত্যন্ত সতর্কতার সাথে ব্যবহার্য।,"মাথাব্যথা, তীব্র কোষ্ঠকাঠিন্য, ক্লান্তি এবং উষ্ণতার অনুভূতি (Flushing)।"
17,সেট্রিজিন (Cetirizine),১০ মি.গ্রা. দিনে একবার রাতে অথবা ৫ মি.গ্রা. দিনে দুইবার।,সেট্রিজিন বা হাইড্রোক্সিজিনের প্রতি অ্যালার্জি এবং তীব্র কিডনি ফেইলিওরে পরিহার্য।,"গর্ভাবস্থায় অ্যালার্জি ও সর্দির সমস্যায় নিরাপদ বলে গণ্য (FDA Category B), তবে চিকিৎসকের পরামর্শ ছাড়া অনিয়ন্ত্রিত ব্যবহার অনুচিত।",মাতৃদুগ্ধে অল্প মাত্রায় নিঃসৃত হয় এবং শিশুকে কিছুটা তন্দ্রাচ্ছন্ন করতে পারে। প্রয়োজনে চিকিৎসকের পরামর্শ নিন।,"তন্দ্রাচ্ছন্নতা, মুখ শুকিয়ে যাওয়া, ক্লান্তি এবং মাথা ঘোরা।"
18,লোরাটাডিন (Loratadine),১০ মি.গ্রা. দিনে একবার যেকোনো সময় খাবারের সাথে বা ছাড়া।,লোরাটাডিনের প্রতি সংবেদনশীলতা এবং ২ বছরের কম বয়সী শিশুদের ক্ষেত্রে সাধারণত নির্দেশিত নয়।,গর্ভাবস্থায় অ্যালার্জিজনিত হাঁচি ও কাশির জন্য প্রথম সারির নিরাপদ অ্যান্টিহিস্টামিন হিসেবে স্বীকৃত।,স্তন্যদানকালে এটি সবচেয়ে পছন্দের অ্যান্টিহিস্টামিন কারণ এটি দুধের মাধ্যমে শিশুর তন্দ্রাচ্ছন্নতা সৃষ্টি করে না বললেই চলে।,"মাথাব্যথা, ক্লান্তি, স্নায়বিক দুর্বলতা এবং শুষ্ক মুখ।"
19,মেটফর্মিন (Metformin),৫০০ মি.গ্রা. দিনে ১-২ বার খাবারের সাথে; চিকিৎসকের পরামর্শে মাত্রা বৃদ্ধি পায়।,"গুরুতর কিডনি রোগ, ডায়াবেটিক কিটোঅ্যাসিডোসিস এবং মেটাবলিক অ্যাসিডোসিসে নিষিদ্ধ।",গর্ভকালীন ডায়াবেটিস (Gestational Diabetes) এবং পলিসিস্টিক ওভারি সিন্ড্রোম (PCOS) চিকিৎসায় বিশেষজ্ঞের তত্ত্বাবধানে ব্যবহৃত হয়। এটি প্ল্যাসেন্টা অতিক্রম করলেও ভ্রূণের কোনো ক্ষতি করে না বলে প্রমাণিত।,"মাতৃদুগ্ধে অল্প মাত্রায় প্রবেশ করে, তবে শিশুর বৃদ্ধিতে কোনো প্রতিকূল প্রভাব লক্ষ্য করা যায়নি; স্তন্যদানে গ্রহণযোগ্য।","বমি ভাব, ডায়রিয়া, পেটে গ্যাস এবং মেটালিক স্বাদ।"
20,ইনসুলিন (Insulin),রোগীর রক্তের গ্লুকোজ পরিমাপের ওপর ভিত্তি করে শুধুমাত্র চিকিৎসকের সূক্ষ্ম নির্দেশনায় নির্ধারিত মাত্রায় ইনজেকশন হিসেবে সেব্য।,হাইপোগ্লাইসেমিয়া (রক্তে শর্করার মাত্রা কমে যাওয়া) অবস্থায় গ্রহণ নিষিদ্ধ।,"গর্ভকালীন ডায়াবেটিসের সবচেয়ে নিরাপদ ও প্রথম পছন্দের ওষুধ (Gold standard)। এটি প্ল্যাসেন্টা অতিক্রম করে না, ফলে ভ্রূণের জন্য সম্পূর্ণ নিরাপদ।","স্তন্যদানকালে সম্পূর্ণ নিরাপদ। এটি মাতৃদুগ্ধে প্রবেশ করলেও শিশুর পরিপাকতন্ত্রে ধ্বংস হয়ে যায়, তাই শিশুর রক্তে কোনো প্রভাব ফেলে না।","হাইপোগ্লাইসেমিয়া (রক্তে শর্করা কমে যাওয়া), ইনজেকশন দেওয়ার স্থানে লালচে ভাব বা ওজন বৃদ্ধি।"
